customer_id,signup_date,last_purchase_date,total_orders,total_spent,avg_order_value,country,gender,days_since_last_purchase,is_churned
C0001,2018-12-12,2018-03-19,4,142.4,35.6,Germany,Other,2114,True
C0002,2020-05-04,2021-01-15,2,181.61,90.81,USA,Other,1081,True
C0003,2019-11-25,2020-03-09,1,116.99,116.99,Australia,Other,1393,True
C0004,2018-11-15,2023-10-04,2,76.68,38.34,France,Male,89,False
C0005,2022-08-22,2022-03-09,3,243.56,81.19,Australia,Female,663,True
C0006,2021-08-03,2021-02-19,1,56.64,56.64,UK,Male,1046,True
C0007,2018-04-03,2018-10-19,3,237.72,79.24,UK,Other,1900,True
C0008,2019-11-11,2020-12-23,1,80.75,80.75,USA,Female,1104,True
C0009,2022-04-20,2023-04-13,1,114.89,114.89,USA,Male,263,False
C0010,2018-03-24,2022-10-10,3,265.27,88.42,USA,Female,448,True
C0011,2019-09-10,2023-08-21,2,46.88,23.44,France,Other,133,False
C0012,2021-07-27,2021-12-09,3,216.02,72.01,USA,Male,753,True
C0013,2021-10-27,2023-07-05,6,673.12,112.19,Australia,Female,180,False
C0014,2020-05-14,2023-06-11,1,24.52,24.52,UK,Other,204,False
C0015,2018-01-21,2019-05-12,2,205.75,102.88,Germany,Female,1695,True
C0016,2021-08-06,2022-06-13,3,300.66,100.22,France,Female,567,True
C0017,2020-05-13,2020-08-29,3,61.66,20.55,Germany,Female,1220,True
C0018,2019-10-31,2021-11-11,4,223.39,55.85,France,Female,781,True
C0019,2018-11-14,2018-10-16,3,79.07,26.36,Australia,Other,1903,True
C0020,2021-03-26,2021-05-31,3,326.16,108.72,UK,Male,945,True
C0021,2021-01-20,2022-06-19,2,192.16,96.08,Germany,Other,561,True
C0022,2020-04-01,2023-06-07,4,90.17,22.54,UK,Other,208,False
C0023,2018-05-15,2021-11-28,1,83.64,83.64,USA,Other,764,True
C0024,2022-07-25,2022-04-07,3,183.11,61.04,Australia,Other,634,True
C0025,2021-03-22,2021-05-03,2,97.95,48.98,USA,Male,973,True
C0026,2022-09-12,2022-08-16,6,655.54,109.26,France,Female,503,True
C0027,2021-01-28,2023-06-16,4,171.17,42.79,Canada,Male,199,False
C0028,2019-08-21,2019-08-05,3,213.22,71.07,France,Other,1610,True
C0029,2018-05-23,2023-08-17,2,107.52,53.76,Germany,Other,137,False
C0030,2019-12-10,2021-06-18,4,468.71,117.18,USA,Other,927,True
C0031,2018-09-05,2019-12-25,3,145.45,48.48,Australia,Other,1468,True
C0032,2018-11-10,2021-03-27,1,80.96,80.96,Australia,Female,1010,True
C0033,2020-05-13,2021-12-05,1,47.86,47.86,France,Male,757,True
C0034,2021-02-07,2021-09-10,2,137.89,68.94,UK,Female,843,True
C0035,2021-02-24,2022-07-06,4,371.29,92.82,Canada,Male,544,True
C0036,2019-10-13,2021-04-09,4,414.12,103.53,Canada,Male,997,True
C0037,2018-08-10,2023-03-08,2,158.18,79.09,France,Female,299,False
C0038,2019-06-16,2023-07-18,1,71.21,71.21,Germany,Female,167,False
C0039,2020-01-31,2020-09-10,2,178.19,89.09,Canada,Female,1208,True
C0040,2021-12-07,2022-08-13,3,94.04,31.35,USA,Other,506,True
C0041,2020-04-18,2023-12-08,6,265.11,44.19,France,Male,24,False
C0042,2022-09-27,2022-06-20,3,161.71,53.9,Australia,Other,560,True
C0043,2020-10-04,2023-08-02,6,216.98,36.16,UK,Other,152,False
C0044,2018-06-23,2019-12-13,2,60.29,30.14,Australia,Female,1480,True
C0045,2018-04-10,2020-09-07,1,36.08,36.08,Australia,Other,1211,True
C0046,2021-05-31,2022-02-20,4,174.9,43.73,Canada,Female,680,True
C0047,2018-07-25,2019-10-18,6,340.63,56.77,UK,Male,1536,True
C0048,2022-10-29,2023-11-12,3,327.61,109.2,Australia,Male,50,False
C0049,2020-09-04,2020-11-26,5,461.23,92.25,UK,Male,1131,True
C0050,2022-04-01,2022-11-04,1,84.55,84.55,Canada,Female,423,True
C0051,2021-11-26,2021-08-10,5,564.16,112.83,Canada,Female,874,True
C0052,2020-04-02,2020-08-04,5,525.57,105.11,France,Female,1245,True
C0053,2020-02-06,2023-03-03,2,227.23,113.61,France,Other,304,False
C0054,2022-10-11,2023-02-23,2,163.0,81.5,UK,Female,312,False
C0055,2020-03-27,2023-03-06,4,358.81,89.7,Canada,Female,301,False
C0056,2022-12-22,2022-11-29,4,426.83,106.71,Australia,Female,398,True
C0057,2022-12-18,2022-11-07,8,460.47,57.56,Australia,Other,420,True
C0058,2021-01-29,2021-12-07,2,133.12,66.56,France,Other,755,True
C0059,2019-03-06,2023-05-03,3,71.2,23.73,Canada,Other,243,False
C0060,2022-03-14,2022-03-12,2,144.45,72.22,France,Female,660,True
C0061,2018-05-27,2018-12-07,3,75.5,25.17,UK,Female,1851,True
C0062,2019-04-20,2020-05-12,6,597.11,99.52,UK,Male,1329,True
C0063,2021-08-04,2023-07-16,2,45.07,22.54,Australia,Other,169,False
C0064,2018-07-17,2021-04-10,4,142.57,35.64,USA,Other,996,True
C0065,2021-03-31,2023-07-15,4,461.95,115.49,UK,Male,170,False
C0066,2021-12-25,2023-04-02,4,222.39,55.6,Germany,Male,274,False
C0067,2020-02-21,2022-05-09,1,31.61,31.61,Australia,Other,602,True
C0068,2018-02-05,2023-10-15,1,24.07,24.07,France,Other,78,False
C0069,2018-12-22,2023-10-20,3,207.48,69.16,UK,Female,73,False
C0070,2022-07-27,2023-08-07,2,119.7,59.85,Canada,Male,147,False
C0071,2020-04-08,2023-04-08,2,114.92,57.46,France,Other,268,False
C0072,2020-11-22,2020-06-22,4,108.23,27.06,UK,Female,1288,True
C0073,2020-06-30,2021-11-06,1,78.58,78.58,Australia,Other,786,True
C0074,2019-05-07,2022-11-10,5,570.73,114.15,France,Male,417,True
C0075,2018-01-11,2020-03-29,4,120.31,30.08,France,Male,1373,True
C0076,2022-04-05,2023-08-15,1,29.44,29.44,Australia,Female,139,False
C0077,2019-07-10,2023-04-27,1,51.9,51.9,France,Other,249,False
C0078,2018-11-27,2023-04-27,1,101.45,101.45,UK,Other,249,False
C0079,2020-07-16,2023-07-31,1,89.67,89.67,Australia,Female,154,False
C0080,2022-04-27,2023-04-19,5,475.31,95.06,Canada,Female,257,False
C0081,2019-09-10,2020-04-19,5,565.38,113.08,Canada,Female,1352,True
C0082,2021-03-07,2021-09-08,4,441.02,110.25,France,Male,845,True
C0083,2022-08-03,2023-08-28,4,84.34,21.09,Australia,Other,126,False
C0084,2022-07-06,2023-12-15,2,230.01,115.0,USA,Female,17,False
C0085,2018-01-02,2023-02-04,4,211.47,52.87,UK,Female,331,False
C0086,2020-10-04,2022-01-29,4,277.77,69.44,UK,Male,702,True
C0087,2018-03-02,2018-12-14,1,64.15,64.15,Canada,Other,1844,True
C0088,2021-02-01,2022-04-23,2,68.6,34.3,UK,Male,618,True
C0089,2020-01-14,2020-03-30,2,56.82,28.41,Canada,Female,1372,True
C0090,2020-01-19,2023-09-25,2,181.25,90.62,France,Male,98,False
C0091,2022-10-29,2022-03-03,1,118.66,118.66,UK,Other,669,True
C0092,2018-09-24,2022-02-18,6,170.1,28.35,UK,Female,682,True
C0093,2018-08-04,2022-07-14,4,277.05,69.26,Canada,Other,536,True
C0094,2019-01-26,2020-02-03,1,66.87,66.87,Canada,Other,1428,True
C0095,2022-01-16,2023-03-04,1,31.75,31.75,UK,Other,303,False
C0096,2019-05-29,2021-04-03,5,534.3,106.86,Australia,Male,1003,True
C0097,2022-06-28,2023-11-09,2,233.98,116.99,Germany,Male,53,False
C0098,2021-08-07,2021-11-26,1,109.11,109.11,USA,Female,766,True
C0099,2022-08-03,2023-08-10,2,150.77,75.39,France,Male,144,False
C0100,2019-09-17,2021-08-26,6,660.69,110.12,Australia,Female,858,True
C0101,2021-05-24,2023-11-10,1,48.1,48.1,Australia,Other,52,False
C0102,2021-03-06,2022-11-12,5,331.85,66.37,Canada,Female,415,True
C0103,2022-05-28,2022-12-17,2,234.88,117.44,France,Other,380,True
C0104,2019-01-11,2021-02-09,6,666.56,111.09,USA,Other,1056,True
C0105,2019-11-30,2019-07-18,7,158.46,22.64,USA,Female,1628,True
C0106,2020-11-16,2020-02-02,3,238.24,79.41,Canada,Female,1429,True
C0107,2022-09-17,2022-06-28,6,153.83,25.64,France,Female,552,True
C0108,2019-11-16,2019-01-23,9,296.24,32.92,Canada,Female,1804,True
C0109,2018-08-09,2023-05-15,5,156.78,31.36,UK,Male,231,False
C0110,2018-07-02,2019-12-13,6,645.99,107.67,Canada,Female,1480,True
C0111,2018-07-29,2018-04-08,2,191.03,95.52,UK,Female,2094,True
C0112,2020-10-23,2020-04-20,3,64.36,21.45,Australia,Other,1351,True
C0113,2022-05-17,2022-07-04,3,331.25,110.42,UK,Other,546,True
C0114,2020-05-15,2022-11-05,4,424.95,106.24,USA,Female,422,True
C0115,2022-02-17,2022-06-16,4,263.65,65.91,Canada,Male,564,True
C0116,2022-08-03,2022-04-13,4,110.35,27.59,Germany,Other,628,True
C0117,2022-11-10,2023-03-24,1,35.19,35.19,Canada,Other,283,False
C0118,2022-01-08,2022-07-08,2,109.13,54.56,Australia,Male,542,True
C0119,2022-01-09,2023-09-20,3,117.69,39.23,Australia,Other,103,False
C0120,2021-06-18,2021-10-23,1,36.89,36.89,Germany,Female,800,True
C0121,2018-10-21,2018-10-29,1,28.87,28.87,USA,Female,1890,True
C0122,2021-09-01,2022-07-05,2,112.85,56.42,UK,Male,545,True
C0123,2021-08-09,2022-10-01,2,199.88,99.94,UK,Female,457,True
C0124,2021-12-21,2021-03-26,2,224.17,112.08,UK,Other,1011,True
C0125,2018-11-02,2018-07-08,1,100.62,100.62,USA,Other,2003,True
C0126,2021-06-04,2022-06-12,2,114.09,57.05,Australia,Male,568,True
C0127,2018-12-06,2020-02-12,4,94.67,23.67,Australia,Other,1419,True
C0128,2019-08-19,2020-08-13,4,122.87,30.72,Australia,Male,1236,True
C0129,2022-07-25,2022-12-15,3,173.19,57.73,Canada,Female,382,True
C0130,2019-03-12,2022-08-03,1,52.21,52.21,USA,Male,516,True
C0131,2019-07-25,2021-05-15,2,218.11,109.06,France,Other,961,True
C0132,2021-12-08,2022-01-24,4,294.84,73.71,USA,Male,707,True
C0133,2018-08-23,2021-10-08,3,145.13,48.38,Australia,Other,815,True
C0134,2022-09-06,2022-03-18,3,355.95,118.65,Canada,Other,654,True
C0135,2018-06-07,2023-07-20,2,70.57,35.28,UK,Male,165,False
C0136,2022-08-07,2023-10-12,1,38.66,38.66,France,Male,81,False
C0137,2018-02-15,2018-10-17,1,109.68,109.68,Germany,Male,1902,True
C0138,2020-01-05,2020-09-15,1,61.04,61.04,France,Other,1203,True
C0139,2021-06-16,2023-01-25,2,233.89,116.94,Australia,Male,341,False
C0140,2022-02-04,2022-06-16,3,260.59,86.86,Germany,Other,564,True
C0141,2021-05-30,2021-04-02,5,261.84,52.37,UK,Other,1004,True
C0142,2019-05-27,2022-03-23,3,243.19,81.06,USA,Other,649,True
C0143,2018-01-07,2021-04-27,2,136.23,68.11,Australia,Other,979,True
C0144,2020-04-03,2023-12-10,1,53.66,53.66,USA,Other,22,False
C0145,2021-11-14,2022-03-20,1,119.0,119.0,USA,Female,652,True
C0146,2021-08-07,2023-12-19,3,288.07,96.02,USA,Male,13,False
C0147,2022-09-23,2023-05-30,3,338.86,112.95,Australia,Female,216,False
C0148,2022-02-21,2022-05-01,5,133.25,26.65,Canada,Male,610,True
C0149,2019-08-13,2021-07-10,4,160.65,40.16,Australia,Other,905,True
C0150,2019-11-08,2019-07-01,1,101.46,101.46,Canada,Female,1645,True
C0151,2022-12-05,2023-07-26,4,406.64,101.66,USA,Other,159,False
C0152,2022-08-12,2022-02-17,3,284.28,94.76,UK,Other,683,True
C0153,2020-09-01,2020-03-29,3,223.07,74.36,Australia,Female,1373,True
C0154,2018-06-05,2022-12-20,4,213.96,53.49,UK,Other,377,True
C0155,2022-01-21,2023-01-26,3,328.17,109.39,Canada,Male,340,False
C0156,2022-07-09,2022-05-03,2,89.7,44.85,Australia,Male,608,True
C0157,2018-06-26,2022-04-27,1,76.99,76.99,France,Other,614,True
C0158,2018-09-06,2019-08-01,4,418.58,104.64,UK,Other,1614,True
C0159,2018-08-01,2023-01-23,2,69.98,34.99,Australia,Male,343,False
C0160,2018-07-31,2023-09-29,5,225.9,45.18,France,Other,94,False
C0161,2020-01-01,2021-09-19,3,180.26,60.09,UK,Other,834,True
C0162,2019-01-08,2023-11-05,3,211.77,70.59,France,Male,57,False
C0163,2020-02-04,2022-06-18,1,107.21,107.21,Australia,Female,562,True
C0164,2018-05-04,2023-04-09,5,388.14,77.63,Canada,Other,267,False
C0165,2018-09-12,2021-07-26,6,710.9,118.48,Australia,Female,889,True
C0166,2022-12-19,2023-03-16,4,316.51,79.13,Canada,Female,291,False
C0167,2022-06-13,2022-09-03,1,53.52,53.52,Australia,Female,485,True
C0168,2020-03-21,2020-11-13,1,53.35,53.35,Germany,Male,1144,True
C0169,2020-09-03,2021-01-05,4,375.0,93.75,USA,Female,1091,True
C0170,2020-04-05,2021-09-06,2,68.17,34.09,France,Female,847,True
C0171,2019-02-11,2021-07-21,2,222.97,111.48,Germany,Other,894,True
C0172,2021-11-21,2022-05-07,3,259.06,86.35,Australia,Other,604,True
C0173,2018-08-14,2018-01-29,2,122.92,61.46,UK,Other,2163,True
C0174,2021-11-24,2023-08-23,2,159.08,79.54,Canada,Female,131,False
C0175,2022-10-16,2022-03-19,2,219.61,109.81,UK,Male,653,True
C0176,2018-08-16,2022-07-29,1,23.65,23.65,Germany,Female,521,True
C0177,2019-10-25,2023-04-21,2,195.11,97.56,France,Female,255,False
C0178,2020-04-03,2020-07-24,3,227.89,75.96,UK,Other,1256,True
C0179,2020-12-20,2023-09-30,1,106.18,106.18,USA,Male,93,False
C0180,2018-08-02,2020-01-29,4,90.15,22.54,France,Other,1433,True
C0181,2021-02-22,2022-03-19,3,126.59,42.2,Canada,Other,653,True
C0182,2019-05-06,2022-09-23,2,60.82,30.41,Australia,Other,465,True
C0183,2022-08-15,2023-07-01,3,89.83,29.94,Germany,Female,184,False
C0184,2020-07-28,2022-08-08,4,347.23,86.81,UK,Female,511,True
C0185,2022-07-02,2022-01-07,3,85.65,28.55,Canada,Other,724,True
C0186,2022-09-20,2022-08-21,1,38.14,38.14,Canada,Other,498,True
C0187,2018-11-18,2019-02-22,5,289.85,57.97,Australia,Female,1774,True
C0188,2020-04-01,2020-06-28,3,225.61,75.2,USA,Other,1282,True
C0189,2018-11-29,2022-09-15,4,427.39,106.85,Australia,Other,473,True
C0190,2019-04-28,2021-04-26,4,187.47,46.87,Australia,Male,980,True
C0191,2020-05-25,2022-07-28,3,310.48,103.49,USA,Other,522,True
C0192,2019-10-17,2021-12-01,3,65.52,21.84,Germany,Female,761,True
C0193,2019-09-25,2021-03-31,3,226.25,75.42,Australia,Male,1006,True
C0194,2022-04-20,2023-01-15,3,101.07,33.69,Germany,Other,351,False
C0195,2020-02-20,2023-11-07,5,557.21,111.44,Australia,Male,55,False
C0196,2018-06-07,2018-10-14,3,109.89,36.63,Australia,Female,1905,True
C0197,2021-08-09,2022-03-06,2,89.07,44.53,France,Female,666,True
C0198,2018-05-17,2018-01-12,2,183.81,91.91,Germany,Female,2180,True
C0199,2020-11-02,2023-04-12,5,207.47,41.49,Australia,Other,264,False
C0200,2019-02-11,2021-03-24,1,46.23,46.23,UK,Female,1013,True
C0201,2019-05-18,2022-10-04,1,69.64,69.64,Canada,Other,454,True
C0202,2022-09-11,2023-07-03,3,82.54,27.51,Australia,Female,182,False
C0203,2021-08-21,2023-05-22,4,407.64,101.91,UK,Male,224,False
C0204,2018-01-31,2018-12-14,4,116.63,29.16,USA,Male,1844,True
C0205,2018-08-22,2023-11-17,4,296.76,74.19,France,Male,45,False
C0206,2019-04-09,2023-08-23,7,294.85,42.12,France,Male,131,False
C0207,2018-04-22,2021-02-21,2,181.12,90.56,UK,Female,1044,True
C0208,2022-12-15,2023-03-06,4,358.97,89.74,UK,Other,301,False
C0209,2019-04-06,2022-08-28,7,720.24,102.89,UK,Male,491,True
C0210,2019-01-31,2019-05-10,1,79.63,79.63,UK,Female,1697,True
C0211,2020-08-15,2021-07-20,1,27.7,27.7,UK,Other,895,True
C0212,2018-05-04,2021-01-16,3,154.59,51.53,UK,Male,1080,True
C0213,2019-10-15,2021-02-14,5,216.48,43.3,France,Other,1051,True
C0214,2018-11-16,2021-01-03,1,107.01,107.01,France,Female,1093,True
C0215,2022-10-06,2023-11-18,1,107.47,107.47,USA,Other,44,False
C0216,2021-06-16,2023-08-23,6,407.93,67.99,Australia,Female,131,False
C0217,2019-04-26,2021-01-05,7,217.33,31.05,Germany,Male,1091,True
C0218,2019-05-20,2020-07-04,2,86.72,43.36,UK,Other,1276,True
C0219,2021-07-04,2021-02-08,1,21.79,21.79,Germany,Female,1057,True
C0220,2019-07-12,2021-10-29,4,459.98,115.0,USA,Other,794,True
C0221,2021-07-03,2023-11-07,2,215.82,107.91,Canada,Male,55,False
C0222,2020-02-11,2021-02-18,3,357.35,119.12,France,Other,1047,True
C0223,2019-05-10,2019-12-02,4,172.27,43.07,Australia,Other,1491,True
C0224,2021-04-03,2021-03-02,1,38.64,38.64,Germany,Other,1035,True
C0225,2022-01-02,2022-06-22,2,233.82,116.91,France,Male,558,True
C0226,2019-09-13,2022-12-01,5,448.01,89.6,Australia,Male,396,True
C0227,2020-12-22,2021-04-19,2,84.76,42.38,UK,Female,987,True
C0228,2019-12-09,2020-11-23,3,323.24,107.75,Australia,Male,1134,True
C0229,2018-03-15,2023-08-13,1,108.87,108.87,UK,Other,141,False
C0230,2019-08-24,2022-05-22,5,304.23,60.85,Canada,Male,589,True
C0231,2020-10-16,2021-03-08,3,84.31,28.1,USA,Male,1029,True
C0232,2018-08-04,2020-05-17,2,210.24,105.12,Germany,Female,1324,True
C0233,2020-12-26,2022-09-23,4,351.21,87.8,Canada,Other,465,True
C0234,2022-05-02,2022-11-07,7,725.91,103.7,UK,Female,420,True
C0235,2022-07-24,2022-09-15,4,432.35,108.09,Germany,Male,473,True
C0236,2018-03-27,2018-12-25,1,102.58,102.58,UK,Female,1833,True
C0237,2020-03-22,2020-10-04,1,94.35,94.35,USA,Female,1184,True
C0238,2022-12-09,2022-07-26,4,194.82,48.7,Germany,Female,524,True
C0239,2018-04-29,2018-12-03,5,489.92,97.98,France,Male,1855,True
C0240,2021-09-12,2022-06-22,2,232.6,116.3,USA,Male,558,True
C0241,2020-09-01,2021-11-08,3,341.17,113.72,Canada,Other,784,True
C0242,2022-05-08,2022-03-31,1,50.1,50.1,Germany,Female,641,True
C0243,2021-04-11,2023-06-15,1,78.22,78.22,UK,Other,200,False
C0244,2019-08-14,2021-03-02,2,214.31,107.16,UK,Other,1035,True
C0245,2018-05-18,2021-09-16,5,111.06,22.21,Australia,Other,837,True
C0246,2018-01-06,2022-06-04,4,189.45,47.36,France,Male,576,True
C0247,2022-07-31,2023-06-18,3,298.44,99.48,Canada,Female,197,False
C0248,2019-09-05,2022-02-05,2,176.1,88.05,Germany,Other,695,True
C0249,2021-09-01,2021-04-19,3,189.7,63.23,USA,Other,987,True
C0250,2020-10-22,2022-08-26,4,473.59,118.4,USA,Female,493,True
C0251,2020-09-02,2022-10-27,3,69.34,23.11,Australia,Other,431,True
C0252,2019-01-23,2021-07-22,5,534.31,106.86,Australia,Other,893,True
C0253,2022-04-25,2022-08-29,5,116.26,23.25,Canada,Female,490,True
C0254,2021-06-22,2022-05-22,4,130.07,32.52,UK,Male,589,True
C0255,2021-06-04,2023-12-20,3,79.26,26.42,France,Other,12,False
C0256,2020-07-07,2022-05-11,3,196.57,65.52,Germany,Male,600,True
C0257,2019-01-31,2020-08-19,1,27.24,27.24,USA,Male,1230,True
C0258,2021-07-30,2023-10-30,3,268.49,89.5,UK,Male,63,False
C0259,2021-03-23,2023-11-19,2,136.1,68.05,Australia,Other,43,False
C0260,2019-06-25,2023-11-04,1,118.67,118.67,USA,Other,58,False
C0261,2020-07-24,2021-09-22,2,180.49,90.25,UK,Male,831,True
C0262,2022-08-30,2023-10-10,1,52.65,52.65,UK,Female,83,False
C0263,2018-01-02,2020-08-02,1,55.06,55.06,Germany,Other,1247,True
C0264,2020-06-10,2020-11-22,1,27.86,27.86,Australia,Other,1135,True
C0265,2021-08-28,2023-06-20,2,177.89,88.94,USA,Male,195,False
C0266,2020-09-28,2021-12-23,2,60.91,30.45,Australia,Male,739,True
C0267,2021-10-04,2022-11-18,2,227.24,113.62,France,Male,409,True
C0268,2019-10-26,2023-05-08,1,90.91,90.91,Australia,Male,238,False
C0269,2022-01-10,2023-09-09,5,547.41,109.48,France,Female,114,False
C0270,2019-06-12,2019-09-21,6,156.21,26.04,Australia,Male,1563,True
C0271,2020-05-31,2022-03-11,1,107.18,107.18,UK,Other,661,True
C0272,2020-11-07,2020-05-25,3,296.91,98.97,USA,Female,1316,True
C0273,2019-12-31,2021-08-22,4,478.53,119.63,France,Female,862,True
C0274,2019-11-29,2020-09-10,4,92.26,23.07,Australia,Other,1208,True
C0275,2019-04-03,2019-03-17,5,272.97,54.59,UK,Other,1751,True
C0276,2018-05-24,2020-01-31,2,213.41,106.7,Australia,Other,1431,True
C0277,2022-01-16,2023-04-20,6,286.1,47.68,USA,Male,256,False
C0278,2018-08-15,2021-11-15,4,373.25,93.31,Canada,Other,777,True
C0279,2021-07-11,2023-09-06,3,131.26,43.75,France,Other,117,False
C0280,2022-11-24,2022-06-01,4,428.3,107.08,Australia,Female,579,True
C0281,2021-04-07,2023-02-07,3,109.06,36.35,France,Male,328,False
C0282,2021-05-26,2022-01-15,4,389.39,97.35,USA,Female,716,True
C0283,2019-04-04,2019-01-18,3,82.05,27.35,Germany,Female,1809,True
C0284,2018-11-28,2021-08-13,2,205.78,102.89,Germany,Female,871,True
C0285,2019-11-11,2020-06-30,3,110.11,36.7,France,Female,1280,True
C0286,2022-05-29,2022-12-27,1,93.64,93.64,USA,Other,370,True
C0287,2018-06-06,2022-09-28,6,187.15,31.19,UK,Other,460,True
C0288,2020-02-14,2023-11-26,1,73.12,73.12,Australia,Female,36,False
C0289,2019-01-13,2022-11-19,1,32.21,32.21,Australia,Male,408,True
C0290,2019-02-19,2022-12-14,4,139.34,34.84,Germany,Other,383,True
C0291,2022-07-09,2023-03-11,2,230.36,115.18,Canada,Female,296,False
C0292,2020-09-12,2023-03-19,5,169.83,33.97,Canada,Other,288,False
C0293,2021-10-07,2023-08-10,1,50.79,50.79,Germany,Female,144,False
C0294,2022-04-18,2022-11-28,4,349.04,87.26,Australia,Male,399,True
C0295,2022-08-30,2022-12-13,3,311.43,103.81,USA,Male,384,True
C0296,2019-05-10,2023-01-14,6,678.57,113.1,France,Male,352,False
C0297,2021-10-30,2022-02-07,4,340.49,85.12,Germany,Other,693,True
C0298,2020-02-08,2023-07-28,3,353.15,117.72,UK,Female,157,False
C0299,2020-05-11,2023-04-04,6,316.22,52.7,UK,Male,272,False
C0300,2022-06-08,2023-01-12,6,446.69,74.45,Australia,Other,354,False
C0301,2020-01-14,2021-03-02,1,52.46,52.46,France,Female,1035,True
C0302,2021-09-28,2021-05-01,3,194.61,64.87,USA,Female,975,True
C0303,2020-06-06,2020-12-30,2,54.64,27.32,USA,Other,1097,True
C0304,2020-04-24,2021-06-05,4,425.33,106.33,France,Other,940,True
C0305,2020-09-20,2023-10-19,2,108.25,54.12,Australia,Other,74,False
C0306,2022-08-06,2022-03-04,3,242.37,80.79,Germany,Male,668,True
C0307,2019-03-06,2020-04-13,4,158.31,39.58,USA,Male,1358,True
C0308,2019-12-20,2022-04-05,1,84.75,84.75,UK,Other,636,True
C0309,2019-04-20,2020-10-26,3,340.33,113.44,Australia,Female,1162,True
C0310,2018-07-19,2021-07-12,1,68.59,68.59,UK,Male,903,True
C0311,2021-06-20,2022-05-30,2,200.61,100.31,Australia,Other,581,True
C0312,2022-08-13,2022-12-28,4,245.42,61.35,France,Male,369,True
C0313,2021-07-15,2021-04-07,1,88.11,88.11,Germany,Other,999,True
C0314,2019-10-05,2022-07-29,3,230.19,76.73,UK,Male,521,True
C0315,2021-04-25,2023-06-27,5,416.58,83.32,Australia,Female,188,False
C0316,2018-03-02,2022-11-24,5,405.49,81.1,Australia,Female,403,True
C0317,2021-03-27,2023-01-11,4,392.21,98.05,Germany,Other,355,False
C0318,2018-01-19,2020-12-28,4,329.54,82.39,USA,Female,1099,True
C0319,2020-07-16,2023-03-16,2,187.37,93.69,UK,Female,291,False
C0320,2021-04-26,2022-10-13,2,44.73,22.36,UK,Female,445,True
C0321,2022-07-31,2023-08-04,3,177.27,59.09,Canada,Male,150,False
C0322,2022-08-24,2023-09-14,3,268.54,89.51,USA,Other,109,False
C0323,2019-11-17,2023-02-25,5,152.05,30.41,USA,Other,310,False
C0324,2019-11-13,2021-04-27,3,85.7,28.57,USA,Other,979,True
C0325,2021-09-16,2023-01-25,3,166.5,55.5,France,Female,341,False
C0326,2018-04-01,2021-04-23,1,26.76,26.76,USA,Male,983,True
C0327,2020-11-10,2022-11-05,5,262.17,52.43,USA,Male,422,True
C0328,2021-06-10,2021-09-14,6,156.09,26.02,Canada,Other,839,True
C0329,2021-12-23,2021-07-18,4,294.33,73.58,Canada,Other,897,True
C0330,2022-07-18,2022-01-21,1,95.62,95.62,Australia,Other,710,True
C0331,2021-05-09,2023-07-09,4,239.73,59.93,Germany,Other,176,False
C0332,2022-10-20,2023-05-30,5,411.79,82.36,USA,Female,216,False
C0333,2018-03-26,2018-09-18,2,205.21,102.61,Germany,Female,1931,True
C0334,2021-08-24,2021-07-30,2,100.63,50.31,France,Male,885,True
C0335,2021-12-05,2021-10-10,2,227.39,113.69,Australia,Female,813,True
C0336,2018-06-06,2020-03-19,3,240.18,80.06,Canada,Female,1383,True
C0337,2021-03-23,2022-05-24,5,565.3,113.06,France,Male,587,True
C0338,2019-10-20,2022-11-13,2,215.59,107.8,France,Male,414,True
C0339,2020-10-12,2021-06-08,4,241.19,60.3,USA,Other,937,True
C0340,2021-03-23,2022-03-09,2,235.12,117.56,France,Other,663,True
C0341,2021-08-02,2022-01-27,5,403.13,80.63,UK,Male,704,True
C0342,2018-09-12,2022-01-01,3,103.91,34.64,Germany,Female,730,True
C0343,2018-03-02,2022-08-03,1,22.58,22.58,Canada,Female,516,True
C0344,2018-06-11,2020-12-23,4,204.73,51.18,UK,Female,1104,True
C0345,2019-11-28,2019-08-02,2,168.17,84.08,UK,Male,1613,True
C0346,2018-05-06,2018-04-07,3,78.4,26.13,Australia,Male,2095,True
C0347,2020-02-08,2020-11-05,2,238.97,119.48,Australia,Male,1152,True
C0348,2018-03-05,2023-04-15,1,118.37,118.37,UK,Other,261,False
C0349,2019-04-19,2021-01-11,1,32.14,32.14,France,Female,1085,True
C0350,2019-01-28,2023-01-11,1,89.22,89.22,Germany,Female,355,False
C0351,2018-12-22,2022-10-19,1,119.67,119.67,UK,Other,439,True
C0352,2019-11-09,2022-12-15,5,165.36,33.07,France,Male,382,True
C0353,2020-03-07,2023-04-06,3,184.24,61.41,Germany,Male,270,False
C0354,2021-02-20,2021-09-18,3,184.85,61.62,Germany,Female,835,True
C0355,2018-12-22,2019-05-24,1,45.98,45.98,Canada,Female,1683,True
C0356,2020-08-24,2020-06-16,3,63.64,21.21,USA,Male,1294,True
C0357,2022-12-03,2022-01-20,5,373.98,74.8,USA,Other,711,True
C0358,2020-08-27,2022-06-13,2,137.65,68.83,Canada,Female,567,True
C0359,2021-03-12,2022-09-09,1,93.74,93.74,Australia,Other,479,True
C0360,2019-09-09,2019-08-25,3,295.5,98.5,Canada,Male,1590,True
C0361,2020-01-25,2020-06-07,6,624.52,104.09,Australia,Other,1303,True
C0362,2020-07-25,2023-08-13,1,110.18,110.18,USA,Female,141,False
C0363,2019-01-12,2023-10-25,6,431.04,71.84,Australia,Female,68,False
C0364,2018-05-08,2020-12-14,3,72.5,24.17,Canada,Female,1113,True
C0365,2022-07-14,2022-11-29,2,54.25,27.12,Canada,Male,398,True
C0366,2021-02-25,2021-04-18,1,115.65,115.65,Canada,Other,988,True
C0367,2022-04-21,2023-05-18,3,292.4,97.47,Australia,Male,228,False
C0368,2020-11-26,2020-01-20,2,59.68,29.84,Canada,Other,1442,True
C0369,2021-07-29,2023-02-01,3,84.65,28.22,USA,Female,334,False
C0370,2018-11-24,2021-09-08,5,160.69,32.14,UK,Other,845,True
C0371,2021-01-30,2023-09-15,4,467.4,116.85,France,Other,108,False
C0372,2021-11-29,2021-08-26,6,513.89,85.65,Canada,Female,858,True
C0373,2021-09-15,2021-10-01,1,112.81,112.81,Germany,Other,822,True
C0374,2022-06-10,2023-05-21,2,127.88,63.94,UK,Female,225,False
C0375,2020-04-19,2022-08-14,3,119.24,39.75,France,Other,505,True
C0376,2022-07-31,2023-08-25,7,668.53,95.5,UK,Male,129,False
C0377,2022-02-11,2022-12-28,5,372.51,74.5,UK,Female,369,True
C0378,2021-09-15,2023-07-10,2,72.96,36.48,France,Female,175,False
C0379,2020-04-13,2021-05-15,3,211.76,70.59,USA,Male,961,True
C0380,2020-02-02,2023-07-14,5,382.51,76.5,Germany,Female,171,False
C0381,2018-09-27,2020-05-16,4,264.62,66.16,France,Other,1325,True
C0382,2021-11-01,2022-01-14,1,44.67,44.67,USA,Female,717,True
C0383,2021-12-14,2023-06-05,3,300.02,100.01,France,Other,210,False
C0384,2021-03-23,2022-06-07,4,222.15,55.54,Canada,Other,573,True
C0385,2018-03-31,2022-03-16,2,192.2,96.1,USA,Female,656,True
C0386,2020-10-06,2020-10-09,1,94.57,94.57,Australia,Other,1179,True
C0387,2022-02-23,2022-06-14,3,104.67,34.89,USA,Other,566,True
C0388,2021-01-07,2022-02-06,4,368.83,92.21,Australia,Other,694,True
C0389,2020-11-23,2021-03-10,5,409.79,81.96,Germany,Male,1027,True
C0390,2020-05-08,2022-05-13,2,157.64,78.82,Australia,Female,598,True
C0391,2018-02-01,2022-05-25,2,156.0,78.0,UK,Female,586,True
C0392,2019-08-17,2019-09-23,5,512.52,102.5,Australia,Other,1561,True
C0393,2020-01-20,2023-01-23,1,25.86,25.86,UK,Female,343,False
C0394,2021-06-16,2023-01-29,5,173.73,34.75,Australia,Male,337,False
C0395,2022-09-21,2023-08-12,2,84.12,42.06,USA,Male,142,False
C0396,2020-01-17,2022-12-08,8,487.92,60.99,Canada,Male,389,True
C0397,2022-01-19,2023-05-17,4,224.89,56.22,Canada,Female,229,False
C0398,2022-03-05,2022-12-15,1,22.42,22.42,UK,Other,382,True
C0399,2018-02-23,2018-10-17,3,342.2,114.07,USA,Male,1902,True
C0400,2020-07-03,2020-12-10,4,401.06,100.27,Germany,Female,1117,True
C0401,2021-06-10,2023-12-11,2,56.12,28.06,USA,Other,21,False
C0402,2020-01-26,2021-04-20,5,405.11,81.02,Australia,Other,986,True
C0403,2022-12-12,2022-10-14,4,102.82,25.7,Canada,Female,444,True
C0404,2022-01-10,2023-03-06,2,221.25,110.62,France,Female,301,False
C0405,2022-07-08,2022-09-25,3,293.01,97.67,UK,Other,463,True
C0406,2021-08-14,2023-05-05,1,23.36,23.36,Germany,Female,241,False
C0407,2020-10-24,2021-06-30,2,146.48,73.24,Germany,Male,915,True
C0408,2021-11-10,2022-02-25,3,259.14,86.38,France,Male,675,True
C0409,2020-08-10,2021-01-25,3,185.64,61.88,Germany,Female,1071,True
C0410,2019-12-18,2020-01-10,3,256.25,85.42,Canada,Female,1452,True
C0411,2019-08-22,2021-09-07,4,219.8,54.95,USA,Male,846,True
C0412,2019-01-07,2023-07-23,1,42.53,42.53,UK,Female,162,False
C0413,2019-07-30,2020-08-18,4,424.06,106.02,UK,Female,1231,True
C0414,2019-11-04,2023-02-13,1,90.78,90.78,UK,Female,322,False
C0415,2020-05-09,2023-01-30,1,65.83,65.83,Canada,Female,336,False
C0416,2022-06-18,2023-04-09,4,264.92,66.23,Germany,Other,267,False
C0417,2020-05-29,2020-06-05,3,213.75,71.25,UK,Male,1305,True
C0418,2019-08-27,2021-07-09,2,197.26,98.63,USA,Male,906,True
C0419,2019-12-08,2022-01-26,2,106.04,53.02,France,Other,705,True
C0420,2019-07-12,2021-07-28,6,390.74,65.12,Canada,Female,887,True
C0421,2018-02-13,2022-07-18,2,53.04,26.52,Germany,Male,532,True
C0422,2019-01-29,2021-05-02,4,342.71,85.68,France,Female,974,True
C0423,2018-05-22,2018-06-19,4,289.33,72.33,Canada,Female,2022,True
C0424,2022-09-16,2022-08-15,5,557.55,111.51,Australia,Other,504,True
C0425,2019-01-28,2023-03-06,3,155.03,51.68,Canada,Male,301,False
C0426,2018-11-15,2018-02-08,4,160.81,40.2,France,Female,2153,True
C0427,2022-11-19,2022-08-09,3,192.1,64.03,Australia,Male,510,True
C0428,2021-12-29,2023-01-14,2,200.72,100.36,USA,Other,352,False
C0429,2021-09-30,2022-06-14,6,649.16,108.19,France,Male,566,True
C0430,2019-07-27,2019-06-09,2,151.95,75.97,France,Male,1667,True
C0431,2020-02-24,2023-08-31,3,279.45,93.15,USA,Other,123,False
C0432,2022-01-24,2022-03-30,5,335.58,67.12,Canada,Female,642,True
C0433,2018-07-23,2021-05-29,5,186.88,37.38,UK,Male,947,True
C0434,2022-03-08,2022-02-27,3,102.59,34.2,Germany,Other,673,True
C0435,2022-11-28,2023-05-04,4,220.95,55.24,Australia,Male,242,False
C0436,2018-06-16,2019-04-17,4,350.47,87.62,USA,Other,1720,True
C0437,2019-04-09,2023-10-15,2,74.98,37.49,Canada,Female,78,False
C0438,2020-08-01,2020-05-12,3,252.86,84.29,Canada,Other,1329,True
C0439,2020-02-11,2020-07-03,3,69.96,23.32,Australia,Female,1277,True
C0440,2022-09-30,2023-08-17,7,775.04,110.72,France,Male,137,False
C0441,2021-07-17,2023-07-31,2,129.41,64.7,Canada,Female,154,False
C0442,2019-12-03,2023-06-12,5,311.27,62.25,France,Other,203,False
C0443,2021-03-27,2022-12-01,1,93.99,93.99,Canada,Female,396,True
C0444,2021-10-07,2022-04-07,5,502.45,100.49,Australia,Other,634,True
C0445,2021-08-25,2022-04-20,1,116.28,116.28,Australia,Female,621,True
C0446,2022-11-02,2023-04-28,4,125.03,31.26,France,Female,248,False
C0447,2018-07-07,2023-03-10,2,88.38,44.19,France,Other,297,False
C0448,2018-11-05,2019-10-08,1,66.88,66.88,Australia,Male,1546,True
C0449,2019-10-18,2021-04-02,3,282.96,94.32,Australia,Other,1004,True
C0450,2018-09-10,2019-05-03,1,110.29,110.29,UK,Male,1704,True
C0451,2020-01-16,2020-09-27,5,219.76,43.95,UK,Male,1191,True
C0452,2022-09-11,2022-02-28,1,78.28,78.28,France,Male,672,True
C0453,2019-05-02,2019-01-09,3,309.41,103.14,USA,Female,1818,True
C0454,2021-06-23,2022-12-01,2,221.93,110.97,USA,Male,396,True
C0455,2021-12-30,2022-03-29,6,380.76,63.46,Canada,Other,643,True
C0456,2018-04-12,2019-12-21,6,541.58,90.26,UK,Female,1472,True
C0457,2020-06-14,2023-01-03,2,116.9,58.45,USA,Other,363,False
C0458,2020-05-28,2022-12-28,6,162.56,27.09,UK,Other,369,True
C0459,2021-11-11,2021-04-21,2,49.13,24.57,Australia,Female,985,True
C0460,2019-12-27,2021-04-01,1,117.15,117.15,Germany,Other,1005,True
C0461,2019-09-07,2022-08-13,2,162.16,81.08,UK,Male,506,True
C0462,2018-12-23,2022-08-19,2,41.1,20.55,UK,Other,500,True
C0463,2019-11-30,2020-04-07,1,41.91,41.91,USA,Female,1364,True
C0464,2020-04-05,2023-07-08,1,30.8,30.8,Canada,Male,177,False
C0465,2019-03-18,2019-08-10,4,452.7,113.17,UK,Other,1605,True
C0466,2018-07-05,2019-05-31,1,81.71,81.71,Australia,Female,1676,True
C0467,2020-08-13,2022-07-13,1,70.74,70.74,France,Other,537,True
C0468,2022-11-04,2023-12-17,4,189.89,47.47,USA,Other,15,False
C0469,2020-06-15,2021-11-13,4,323.16,80.79,Germany,Other,779,True
C0470,2019-01-22,2022-12-27,4,334.56,83.64,France,Other,370,True
C0471,2020-08-02,2022-12-22,1,25.95,25.95,Canada,Male,375,True
C0472,2021-06-04,2022-02-27,2,116.77,58.38,USA,Other,673,True
C0473,2022-04-04,2023-02-24,2,123.79,61.9,Australia,Other,311,False
C0474,2022-03-15,2022-12-07,2,110.95,55.48,USA,Female,390,True
C0475,2018-09-07,2023-02-02,5,418.05,83.61,Australia,Other,333,False
C0476,2018-05-04,2021-09-04,4,440.98,110.25,France,Female,849,True
C0477,2020-09-28,2022-07-26,1,34.21,34.21,USA,Female,524,True
C0478,2020-02-17,2020-02-10,1,62.2,62.2,France,Other,1421,True
C0479,2018-10-11,2019-12-13,3,96.9,32.3,Germany,Female,1480,True
C0480,2022-11-23,2023-04-02,6,523.78,87.3,Germany,Other,274,False
C0481,2018-03-06,2023-09-20,3,299.51,99.84,UK,Female,103,False
C0482,2020-04-17,2022-06-14,6,480.64,80.11,Germany,Male,566,True
C0483,2018-05-05,2019-06-29,3,189.16,63.05,Germany,Male,1647,True
C0484,2022-01-01,2023-02-08,2,70.89,35.45,Australia,Other,327,False
C0485,2021-10-05,2022-03-09,1,84.58,84.58,Canada,Male,663,True
C0486,2019-07-18,2023-12-24,2,121.93,60.97,France,Female,8,False
C0487,2021-09-16,2023-09-14,3,125.37,41.79,USA,Other,109,False
C0488,2022-03-08,2022-03-12,3,205.68,68.56,France,Female,660,True
C0489,2021-12-31,2022-06-25,1,70.55,70.55,Australia,Female,555,True
C0490,2021-06-22,2022-06-02,2,46.19,23.09,France,Male,578,True
C0491,2020-09-24,2022-11-07,2,191.24,95.62,Australia,Male,420,True
C0492,2018-11-21,2019-05-15,3,346.78,115.59,Germany,Male,1692,True
C0493,2020-10-21,2021-10-01,5,580.57,116.11,Canada,Female,822,True
C0494,2022-03-20,2022-08-12,3,106.24,35.41,USA,Male,507,True
C0495,2021-05-29,2023-05-05,5,229.67,45.93,France,Male,241,False
C0496,2018-04-25,2021-11-14,1,54.24,54.24,UK,Other,778,True
C0497,2018-10-01,2020-09-04,4,135.68,33.92,France,Male,1214,True
C0498,2020-02-24,2021-05-17,5,411.7,82.34,USA,Male,959,True
C0499,2018-12-27,2021-06-09,3,71.84,23.95,France,Other,936,True
C0500,2022-05-18,2023-10-03,5,366.69,73.34,UK,Other,90,False
C0501,2018-01-04,2023-08-06,3,298.26,99.42,UK,Other,148,False
C0502,2022-08-13,2022-12-25,3,198.8,66.27,Canada,Female,372,True
C0503,2021-07-07,2021-03-26,5,201.61,40.32,USA,Male,1011,True
C0504,2019-08-06,2023-05-30,4,426.23,106.56,Germany,Female,216,False
C0505,2021-01-29,2023-08-26,6,185.56,30.93,UK,Female,128,False
C0506,2022-03-29,2023-05-01,4,433.39,108.35,UK,Male,245,False
C0507,2021-10-05,2021-03-22,4,270.74,67.69,UK,Male,1015,True
C0508,2019-09-25,2021-04-09,3,149.82,49.94,USA,Female,997,True
C0509,2022-09-03,2022-04-12,3,347.23,115.74,Australia,Male,629,True
C0510,2020-06-13,2021-11-11,1,119.78,119.78,Canada,Other,781,True
C0511,2022-02-14,2022-04-05,3,281.36,93.79,UK,Female,636,True
C0512,2018-03-31,2023-05-12,5,483.06,96.61,Australia,Other,234,False
C0513,2020-01-14,2023-01-07,2,137.53,68.77,USA,Female,359,False
C0514,2019-05-08,2021-08-23,1,60.71,60.71,France,Female,861,True
C0515,2022-09-08,2022-01-11,1,31.1,31.1,Australia,Male,720,True
C0516,2022-09-12,2022-11-13,4,199.83,49.96,Germany,Other,414,True
C0517,2018-10-17,2019-11-30,1,99.45,99.45,UK,Male,1493,True
C0518,2018-12-19,2021-12-04,1,27.29,27.29,Germany,Male,758,True
C0519,2018-12-31,2023-07-06,2,96.2,48.1,UK,Female,179,False
C0520,2019-04-24,2023-03-29,5,213.01,42.6,Canada,Female,278,False
C0521,2020-06-25,2022-03-01,5,544.33,108.87,Australia,Female,671,True
C0522,2020-04-29,2021-10-07,4,353.05,88.26,France,Male,816,True
C0523,2022-02-08,2023-01-02,5,171.44,34.29,Australia,Female,364,False
C0524,2020-01-28,2021-12-10,3,100.15,33.38,Australia,Other,752,True
C0525,2022-09-09,2022-04-23,1,94.86,94.86,USA,Male,618,True
C0526,2021-04-06,2021-10-24,1,71.11,71.11,USA,Other,799,True
C0527,2022-04-29,2023-08-03,1,47.62,47.62,USA,Female,151,False
C0528,2019-03-01,2019-08-05,1,103.93,103.93,Australia,Other,1610,True
C0529,2020-05-08,2023-04-15,1,44.68,44.68,Germany,Female,261,False
C0530,2021-07-13,2022-06-12,2,112.05,56.02,USA,Male,568,True
C0531,2022-04-27,2022-07-27,5,554.97,110.99,USA,Other,523,True
C0532,2018-01-08,2020-05-28,2,177.4,88.7,USA,Other,1313,True
C0533,2020-07-16,2023-07-24,4,146.78,36.7,Germany,Other,161,False
C0534,2022-12-29,2023-03-27,7,687.28,98.18,Australia,Female,280,False
C0535,2022-03-02,2023-11-04,1,56.01,56.01,USA,Female,58,False
C0536,2019-04-07,2022-10-19,4,227.48,56.87,Canada,Male,439,True
C0537,2022-08-01,2023-01-12,1,96.76,96.76,USA,Female,354,False
C0538,2020-12-08,2021-05-31,4,268.91,67.23,Australia,Other,945,True
C0539,2022-09-11,2023-08-16,4,134.64,33.66,France,Other,138,False
C0540,2022-08-16,2022-10-20,4,365.28,91.32,USA,Other,438,True
C0541,2021-11-15,2022-05-15,3,77.43,25.81,UK,Other,596,True
C0542,2019-08-10,2021-01-11,2,207.1,103.55,Canada,Other,1085,True
C0543,2022-11-12,2022-10-25,1,57.91,57.91,France,Other,433,True
C0544,2019-12-27,2022-06-30,1,32.44,32.44,France,Male,550,True
C0545,2018-05-16,2020-09-15,3,238.54,79.51,Australia,Other,1203,True
C0546,2022-01-09,2023-07-02,1,66.41,66.41,Australia,Other,183,False
C0547,2021-03-30,2022-08-23,6,705.61,117.6,Germany,Other,496,True
C0548,2019-04-18,2023-03-19,1,97.02,97.02,Australia,Other,288,False
C0549,2018-04-26,2019-01-28,2,43.51,21.75,UK,Male,1799,True
C0550,2022-04-10,2023-04-04,3,171.52,57.17,UK,Female,272,False
C0551,2020-10-28,2023-09-13,1,49.98,49.98,UK,Female,110,False
C0552,2018-11-08,2021-09-29,3,329.57,109.86,USA,Female,824,True
C0553,2018-11-06,2022-06-23,4,106.28,26.57,USA,Other,557,True
C0554,2021-11-20,2021-01-24,2,189.49,94.75,Canada,Other,1072,True
C0555,2019-03-24,2022-06-27,1,115.78,115.78,Australia,Other,553,True
C0556,2019-04-25,2019-08-21,5,282.84,56.57,Germany,Male,1594,True
C0557,2021-12-29,2022-02-16,1,34.08,34.08,France,Female,684,True
C0558,2020-11-17,2022-08-26,3,303.34,101.11,France,Male,493,True
C0559,2021-05-19,2023-10-07,3,163.56,54.52,Germany,Male,86,False
C0560,2018-09-07,2020-10-17,5,173.65,34.73,France,Other,1171,True
C0561,2022-07-16,2022-10-23,1,83.09,83.09,Germany,Other,435,True
C0562,2020-09-10,2022-08-31,3,132.57,44.19,USA,Other,488,True
C0563,2022-02-25,2023-11-09,2,94.94,47.47,USA,Other,53,False
C0564,2022-08-08,2022-01-28,4,146.3,36.58,Canada,Female,703,True
C0565,2018-08-01,2019-12-31,2,208.73,104.36,USA,Other,1462,True
C0566,2020-06-11,2020-12-19,5,575.71,115.14,Germany,Male,1108,True
C0567,2018-10-08,2021-09-10,5,396.78,79.36,USA,Male,843,True
C0568,2018-11-02,2023-05-23,1,118.12,118.12,France,Female,223,False
C0569,2018-11-09,2021-10-10,7,253.17,36.17,UK,Female,813,True
C0570,2019-06-01,2021-07-19,4,145.08,36.27,Australia,Male,896,True
C0571,2018-03-31,2018-05-23,3,62.71,20.9,Australia,Male,2049,True
C0572,2020-10-04,2023-05-21,3,126.62,42.21,Canada,Other,225,False
C0573,2018-06-24,2020-06-30,3,188.61,62.87,UK,Other,1280,True
C0574,2021-01-18,2022-08-06,1,68.09,68.09,USA,Other,513,True
C0575,2021-08-31,2021-08-15,2,119.57,59.78,Germany,Male,869,True
C0576,2020-01-29,2022-04-05,2,192.2,96.1,Australia,Female,636,True
C0577,2021-07-04,2023-05-30,6,592.53,98.75,UK,Other,216,False
C0578,2019-07-14,2020-06-12,3,132.12,44.04,France,Male,1298,True
C0579,2019-06-28,2019-09-03,2,141.19,70.59,Australia,Male,1581,True
C0580,2021-04-03,2023-08-21,1,23.6,23.6,France,Male,133,False
C0581,2020-01-19,2022-02-12,2,230.09,115.05,Canada,Other,688,True
C0582,2022-12-17,2022-04-22,5,276.53,55.31,Canada,Male,619,True
C0583,2019-12-23,2022-12-03,7,553.79,79.11,UK,Other,394,True
C0584,2020-02-29,2021-12-14,3,81.35,27.12,Canada,Male,748,True
C0585,2020-03-04,2022-11-01,2,121.88,60.94,Germany,Other,426,True
C0586,2018-01-30,2021-12-16,6,645.53,107.59,UK,Male,746,True
C0587,2020-06-12,2022-11-18,3,98.36,32.79,USA,Male,409,True
C0588,2022-08-26,2022-05-03,1,61.66,61.66,Australia,Male,608,True
C0589,2018-08-18,2021-10-04,1,117.31,117.31,USA,Male,819,True
C0590,2020-12-09,2022-07-01,2,86.08,43.04,France,Female,549,True
C0591,2020-07-18,2022-09-19,1,92.93,92.93,Germany,Female,469,True
C0592,2021-08-11,2023-12-09,5,251.47,50.29,Germany,Other,23,False
C0593,2020-02-17,2021-12-10,3,171.28,57.09,Australia,Female,752,True
C0594,2020-07-27,2020-11-05,7,521.15,74.45,Canada,Male,1152,True
C0595,2021-04-10,2023-01-21,5,232.66,46.53,Australia,Other,345,False
C0596,2018-11-28,2020-01-07,4,285.54,71.39,Canada,Other,1455,True
C0597,2021-03-30,2023-06-08,6,672.6,112.1,USA,Other,207,False
C0598,2021-01-20,2023-06-12,5,272.67,54.53,Australia,Other,203,False
C0599,2020-07-08,2022-12-22,7,406.36,58.05,Australia,Female,375,True
C0600,2020-07-06,2020-02-04,3,67.56,22.52,USA,Male,1427,True
C0601,2021-05-14,2022-03-03,1,90.37,90.37,UK,Female,669,True
C0602,2018-01-26,2022-10-25,5,583.52,116.7,Australia,Female,433,True
C0603,2018-06-02,2023-02-28,1,91.85,91.85,Australia,Other,307,False
C0604,2022-03-24,2023-10-09,4,132.69,33.17,USA,Female,84,False
C0605,2020-06-08,2023-04-20,2,98.01,49.01,Australia,Male,256,False
C0606,2019-12-16,2021-12-30,5,516.42,103.28,Germany,Male,732,True
C0607,2019-11-12,2020-08-13,1,87.4,87.4,UK,Other,1236,True
C0608,2020-02-18,2022-11-18,1,48.76,48.76,France,Other,409,True
C0609,2019-03-01,2019-10-29,3,279.81,93.27,France,Other,1525,True
C0610,2018-05-03,2020-08-17,1,98.38,98.38,USA,Female,1232,True
C0611,2021-10-01,2021-02-21,3,76.98,25.66,UK,Female,1044,True
C0612,2022-12-06,2022-10-11,5,309.17,61.83,USA,Other,447,True
C0613,2019-02-13,2019-10-08,2,95.26,47.63,Germany,Male,1546,True
C0614,2020-07-05,2021-05-22,2,143.74,71.87,USA,Female,954,True
C0615,2021-07-14,2021-09-30,2,120.72,60.36,Germany,Other,823,True
C0616,2019-09-16,2020-02-15,4,185.71,46.43,France,Male,1416,True
C0617,2022-08-03,2023-11-12,2,97.49,48.74,Australia,Male,50,False
C0618,2021-02-10,2023-04-05,3,82.68,27.56,Germany,Female,271,False
C0619,2022-04-09,2023-12-11,2,159.81,79.91,UK,Male,21,False
C0620,2020-04-26,2023-07-14,3,349.5,116.5,Canada,Other,171,False
C0621,2019-05-27,2021-03-09,4,188.44,47.11,Australia,Male,1028,True
C0622,2022-02-06,2023-09-19,4,457.89,114.47,USA,Male,104,False
C0623,2020-07-05,2023-03-05,5,304.08,60.82,USA,Female,302,False
C0624,2020-11-18,2023-06-03,1,78.29,78.29,Australia,Male,212,False
C0625,2018-12-24,2021-12-26,3,311.94,103.98,UK,Male,736,True
C0626,2018-08-22,2019-03-14,3,62.5,20.83,UK,Female,1754,True
C0627,2019-12-02,2022-05-19,1,94.84,94.84,Germany,Female,592,True
C0628,2022-09-28,2022-10-12,3,277.03,92.34,UK,Other,446,True
C0629,2018-10-08,2021-05-10,1,78.95,78.95,Canada,Female,966,True
C0630,2018-02-13,2020-04-01,4,159.71,39.93,USA,Male,1370,True
C0631,2022-07-26,2022-04-06,2,89.68,44.84,Australia,Male,635,True
C0632,2021-11-13,2022-07-27,2,52.51,26.25,Canada,Male,523,True
C0633,2020-03-25,2022-06-27,4,460.6,115.15,Australia,Other,553,True
C0634,2021-03-29,2023-09-19,6,565.73,94.29,France,Male,104,False
C0635,2021-02-28,2021-06-18,2,114.22,57.11,Canada,Female,927,True
C0636,2019-12-28,2023-01-04,4,438.14,109.53,USA,Female,362,False
C0637,2018-03-19,2023-04-09,4,362.18,90.55,Germany,Other,267,False
C0638,2022-10-11,2022-09-12,4,409.9,102.47,Canada,Female,476,True
C0639,2019-11-19,2019-07-16,2,100.21,50.1,France,Male,1630,True
C0640,2021-12-13,2023-12-26,1,69.11,69.11,France,Male,6,False
C0641,2020-07-27,2022-10-05,3,256.55,85.52,UK,Other,453,True
C0642,2021-06-22,2021-07-01,1,36.05,36.05,USA,Female,914,True
C0643,2019-03-11,2019-05-21,1,86.42,86.42,Canada,Other,1686,True
C0644,2018-04-26,2020-08-03,4,203.92,50.98,Australia,Female,1246,True
C0645,2022-03-11,2022-04-01,3,166.14,55.38,Canada,Other,640,True
C0646,2018-10-29,2019-12-31,6,423.38,70.56,Germany,Female,1462,True
C0647,2022-07-29,2022-04-16,3,226.01,75.34,Australia,Female,625,True
C0648,2021-04-22,2022-12-06,4,423.51,105.88,Germany,Female,391,True
C0649,2021-02-26,2023-11-08,3,262.09,87.36,USA,Male,54,False
C0650,2022-08-06,2022-11-22,2,63.51,31.75,Germany,Male,405,True
C0651,2022-12-30,2023-07-31,1,91.87,91.87,Canada,Female,154,False
C0652,2019-04-26,2022-07-13,3,65.74,21.91,Germany,Female,537,True
C0653,2018-11-04,2022-03-01,2,110.85,55.42,France,Female,671,True
C0654,2021-06-21,2022-03-11,1,71.92,71.92,UK,Female,661,True
C0655,2018-04-12,2023-11-15,2,118.21,59.1,UK,Male,47,False
C0656,2021-02-25,2021-12-04,2,163.26,81.63,Australia,Male,758,True
C0657,2021-10-09,2022-11-22,4,360.86,90.22,UK,Male,405,True
C0658,2020-01-04,2023-08-21,2,214.11,107.06,Australia,Other,133,False
C0659,2021-01-31,2021-06-04,2,161.13,80.56,Germany,Male,941,True
C0660,2021-02-15,2023-04-26,1,34.28,34.28,USA,Male,250,False
C0661,2021-01-19,2021-04-05,4,283.12,70.78,Canada,Other,1001,True
C0662,2021-05-21,2022-03-05,1,99.28,99.28,Australia,Male,667,True
C0663,2019-08-13,2020-01-15,1,76.07,76.07,Australia,Female,1447,True
C0664,2021-11-13,2021-05-23,3,277.03,92.34,Germany,Female,953,True
C0665,2019-10-21,2019-03-08,6,390.78,65.13,Germany,Male,1760,True
C0666,2018-06-07,2020-11-02,4,235.13,58.78,Canada,Male,1155,True
C0667,2020-01-27,2020-07-14,3,323.21,107.74,Germany,Other,1266,True
C0668,2022-10-21,2022-06-09,3,254.5,84.83,France,Male,571,True
C0669,2018-08-02,2022-09-18,1,100.38,100.38,France,Other,470,True
C0670,2019-10-06,2023-12-27,4,220.21,55.05,UK,Other,5,False
C0671,2019-11-02,2020-12-24,1,56.96,56.96,Canada,Male,1103,True
C0672,2020-10-17,2023-04-17,4,167.07,41.77,Australia,Other,259,False
C0673,2019-04-04,2019-01-09,2,200.9,100.45,Canada,Other,1818,True
C0674,2020-05-11,2023-08-26,2,193.3,96.65,UK,Other,128,False
C0675,2019-03-26,2020-02-08,5,435.58,87.12,UK,Male,1423,True
C0676,2022-08-06,2022-07-14,3,327.12,109.04,Australia,Other,536,True
C0677,2019-06-27,2019-12-08,8,539.14,67.39,Australia,Other,1485,True
C0678,2018-03-22,2019-02-14,2,102.77,51.38,Canada,Male,1782,True
C0679,2018-02-16,2021-01-18,2,221.57,110.78,France,Female,1078,True
C0680,2020-01-10,2022-07-03,2,179.23,89.61,USA,Female,547,True
C0681,2020-10-02,2020-01-25,4,356.94,89.23,UK,Other,1437,True
C0682,2019-06-26,2021-04-04,4,156.37,39.09,Australia,Other,1002,True
C0683,2018-06-12,2019-01-29,3,258.59,86.2,France,Other,1798,True
C0684,2021-07-31,2023-03-29,4,359.58,89.89,Canada,Female,278,False
C0685,2018-12-20,2018-07-17,2,91.92,45.96,Australia,Male,1994,True
C0686,2022-01-19,2022-12-15,1,107.92,107.92,Canada,Other,382,True
C0687,2021-01-29,2023-03-09,2,173.37,86.69,Australia,Other,298,False
C0688,2018-12-05,2021-11-05,8,621.36,77.67,UK,Male,787,True
C0689,2022-04-15,2022-06-22,1,119.89,119.89,USA,Male,558,True
C0690,2018-05-15,2023-08-10,5,120.18,24.04,Canada,Male,144,False
C0691,2022-06-09,2022-08-23,2,112.09,56.05,Canada,Female,496,True
C0692,2021-11-24,2023-09-27,4,85.75,21.44,Canada,Other,96,False
C0693,2018-04-07,2018-07-08,3,311.14,103.71,France,Other,2003,True
C0694,2022-01-28,2023-10-21,7,449.61,64.23,Canada,Female,72,False
C0695,2021-06-01,2022-10-25,3,338.45,112.82,UK,Other,433,True
C0696,2018-12-02,2022-03-04,3,358.69,119.56,Canada,Male,668,True
C0697,2021-10-10,2021-04-25,5,327.38,65.48,USA,Other,981,True
C0698,2018-09-09,2020-09-27,4,280.14,70.03,France,Other,1191,True
C0699,2019-04-06,2019-07-24,4,334.38,83.59,USA,Female,1622,True
C0700,2019-01-28,2021-05-04,3,260.33,86.78,France,Male,972,True
C0701,2022-12-24,2023-03-02,2,195.82,97.91,USA,Other,305,False
C0702,2020-10-07,2021-08-14,7,247.58,35.37,Germany,Female,870,True
C0703,2022-07-07,2022-08-18,5,125.99,25.2,Canada,Male,501,True
C0704,2021-11-10,2023-02-25,1,62.33,62.33,Germany,Female,310,False
C0705,2021-08-29,2021-06-04,2,216.58,108.29,USA,Other,941,True
C0706,2018-12-22,2023-07-28,4,374.97,93.74,Germany,Male,157,False
C0707,2022-09-09,2023-07-14,3,329.21,109.74,Germany,Female,171,False
C0708,2019-10-31,2022-08-29,4,214.11,53.53,Canada,Other,490,True
C0709,2021-11-03,2021-12-21,3,341.39,113.8,Australia,Male,741,True
C0710,2021-07-09,2022-06-11,1,27.1,27.1,Canada,Female,569,True
C0711,2021-11-09,2022-09-12,1,66.91,66.91,Australia,Female,476,True
C0712,2021-07-16,2021-05-28,1,36.75,36.75,Canada,Other,948,True
C0713,2020-08-29,2021-10-24,4,191.35,47.84,France,Other,799,True
C0714,2020-08-28,2022-10-30,3,98.9,32.97,USA,Female,428,True
C0715,2020-03-02,2021-08-04,3,123.15,41.05,UK,Female,880,True
C0716,2019-04-20,2023-01-13,2,212.93,106.47,Canada,Other,353,False
C0717,2018-07-28,2018-10-11,1,68.45,68.45,France,Female,1908,True
C0718,2018-09-23,2018-10-17,3,234.21,78.07,UK,Other,1902,True
C0719,2021-09-03,2021-05-31,2,94.73,47.37,UK,Male,945,True
C0720,2021-03-03,2021-07-22,1,65.96,65.96,Australia,Male,893,True
C0721,2022-09-25,2022-02-16,2,123.72,61.86,France,Other,684,True
C0722,2022-12-28,2023-03-13,6,442.81,73.8,Canada,Other,294,False
C0723,2022-10-12,2022-09-14,5,470.82,94.16,USA,Male,474,True
C0724,2019-01-15,2022-06-30,5,264.12,52.82,Germany,Other,550,True
C0725,2021-01-03,2023-10-31,2,79.28,39.64,Canada,Other,62,False
C0726,2021-08-07,2021-03-21,4,337.9,84.47,UK,Male,1016,True
C0727,2020-06-12,2022-07-21,2,172.33,86.17,Canada,Other,529,True
C0728,2020-08-28,2021-06-30,2,95.73,47.87,Canada,Other,915,True
C0729,2018-11-18,2022-12-01,1,102.57,102.57,Australia,Male,396,True
C0730,2022-04-26,2022-06-15,4,229.82,57.45,Germany,Other,565,True
C0731,2019-04-26,2023-02-07,2,151.36,75.68,Germany,Female,328,False
C0732,2019-11-28,2019-12-03,4,167.28,41.82,France,Other,1490,True
C0733,2020-12-23,2023-08-06,3,321.2,107.07,Canada,Other,148,False
C0734,2022-09-25,2022-10-13,4,220.49,55.12,Australia,Male,445,True
C0735,2018-12-23,2020-05-15,1,112.07,112.07,France,Other,1326,True
C0736,2022-11-19,2022-06-25,1,49.15,49.15,Australia,Male,555,True
C0737,2021-08-26,2023-05-22,1,110.84,110.84,UK,Female,224,False
C0738,2022-09-26,2022-01-21,3,206.18,68.73,Canada,Male,710,True
C0739,2020-04-10,2020-02-14,6,138.28,23.05,UK,Female,1417,True
C0740,2019-07-15,2021-04-29,2,163.03,81.52,Australia,Male,977,True
C0741,2020-08-17,2023-12-02,3,70.47,23.49,Australia,Female,30,False
C0742,2020-11-21,2021-06-29,3,67.49,22.5,France,Female,916,True
C0743,2018-01-19,2019-07-18,2,184.92,92.46,UK,Female,1628,True
C0744,2019-03-22,2023-10-26,2,74.7,37.35,USA,Female,67,False
C0745,2021-05-30,2021-04-19,4,389.11,97.28,Germany,Female,987,True
C0746,2019-03-17,2019-04-06,4,106.47,26.62,Canada,Male,1731,True
C0747,2018-10-13,2022-07-07,1,102.69,102.69,UK,Female,543,True
C0748,2019-10-31,2022-03-14,3,69.03,23.01,Germany,Male,658,True
C0749,2021-07-28,2022-12-06,6,628.87,104.81,Australia,Male,391,True
C0750,2020-11-25,2020-09-01,4,465.34,116.33,France,Female,1217,True
C0751,2021-02-23,2022-04-30,1,91.6,91.6,Germany,Other,611,True
C0752,2020-10-04,2023-04-21,4,111.58,27.89,Australia,Female,255,False
C0753,2022-10-30,2023-04-09,2,206.91,103.45,Canada,Male,267,False
C0754,2018-09-21,2018-06-13,4,116.94,29.23,Germany,Female,2028,True
C0755,2019-04-29,2020-05-04,2,233.62,116.81,Germany,Female,1337,True
C0756,2018-06-04,2023-09-25,3,258.57,86.19,USA,Male,98,False
C0757,2018-09-11,2020-04-25,6,124.13,20.69,UK,Female,1346,True
C0758,2021-10-08,2023-10-26,3,325.38,108.46,USA,Male,67,False
C0759,2021-08-10,2023-01-25,4,156.24,39.06,Germany,Other,341,False
C0760,2021-10-05,2022-10-06,2,206.19,103.09,Australia,Male,452,True
C0761,2020-04-28,2020-11-30,2,97.59,48.8,Australia,Male,1127,True
C0762,2022-05-11,2022-03-30,3,109.32,36.44,UK,Female,642,True
C0763,2020-12-08,2021-10-29,3,279.9,93.3,USA,Male,794,True
C0764,2018-12-11,2020-05-30,7,147.57,21.08,UK,Female,1311,True
C0765,2022-02-20,2023-02-14,3,199.19,66.4,USA,Female,321,False
C0766,2020-08-16,2020-03-11,2,53.45,26.73,France,Female,1391,True
C0767,2019-11-17,2022-05-13,2,171.74,85.87,Germany,Other,598,True
C0768,2018-06-20,2018-01-24,2,153.59,76.8,France,Male,2168,True
C0769,2019-09-28,2021-07-25,6,328.51,54.75,UK,Other,890,True
C0770,2019-10-19,2020-03-02,1,89.2,89.2,France,Other,1400,True
C0771,2020-03-04,2021-03-25,3,233.29,77.76,UK,Female,1012,True
C0772,2020-10-16,2020-07-05,4,225.02,56.26,UK,Male,1275,True
C0773,2018-01-25,2022-03-26,3,200.01,66.67,UK,Other,646,True
C0774,2021-08-30,2021-09-30,3,302.52,100.84,Canada,Female,823,True
C0775,2019-02-06,2022-03-27,3,339.77,113.26,France,Female,645,True
C0776,2022-07-13,2023-07-01,3,69.8,23.27,Australia,Female,184,False
C0777,2019-12-16,2023-04-04,2,171.28,85.64,UK,Female,272,False
C0778,2022-10-02,2023-10-10,3,185.3,61.77,Australia,Male,83,False
C0779,2021-01-05,2021-04-22,3,83.04,27.68,UK,Male,984,True
C0780,2021-05-18,2021-03-07,5,286.73,57.35,Australia,Other,1030,True
C0781,2021-09-17,2021-01-30,1,55.49,55.49,UK,Other,1066,True
C0782,2021-11-29,2021-05-01,3,178.58,59.53,UK,Female,975,True
C0783,2020-08-30,2022-06-13,1,102.73,102.73,Germany,Female,567,True
C0784,2021-08-26,2023-06-10,1,61.92,61.92,Canada,Other,205,False
C0785,2021-06-10,2023-09-22,3,210.73,70.24,Germany,Other,101,False
C0786,2021-07-21,2022-03-26,7,422.25,60.32,Germany,Female,646,True
C0787,2018-12-24,2021-06-12,6,619.76,103.29,France,Male,933,True
C0788,2018-03-06,2020-10-06,5,522.11,104.42,Canada,Female,1182,True
C0789,2019-06-18,2022-11-30,3,157.56,52.52,Germany,Other,397,True
C0790,2021-01-29,2021-05-17,1,47.2,47.2,Canada,Male,959,True
C0791,2021-09-18,2021-06-14,1,117.84,117.84,USA,Male,931,True
C0792,2020-01-26,2021-11-07,6,360.13,60.02,France,Female,785,True
C0793,2021-05-29,2023-03-25,3,241.06,80.35,UK,Female,282,False
C0794,2018-09-02,2021-05-14,4,329.1,82.28,Canada,Female,962,True
C0795,2020-08-21,2023-03-04,2,123.44,61.72,Australia,Male,303,False
C0796,2020-11-20,2020-12-10,1,61.81,61.81,France,Female,1117,True
C0797,2020-10-31,2023-04-25,3,90.07,30.02,Australia,Male,251,False
C0798,2019-06-07,2019-08-26,1,86.17,86.17,UK,Female,1589,True
C0799,2022-05-06,2023-05-07,2,44.74,22.37,UK,Male,239,False
C0800,2018-12-21,2022-07-07,3,320.52,106.84,UK,Male,543,True
C0801,2022-05-04,2022-05-31,2,47.88,23.94,France,Other,580,True
C0802,2020-12-21,2021-06-29,2,156.65,78.33,Australia,Female,916,True
C0803,2019-04-04,2021-01-04,1,98.74,98.74,Germany,Other,1092,True
C0804,2018-11-16,2019-03-31,1,78.84,78.84,UK,Other,1737,True
C0805,2020-03-06,2020-11-02,4,188.6,47.15,UK,Other,1155,True
C0806,2019-06-24,2020-04-19,3,187.84,62.61,UK,Male,1352,True
C0807,2018-08-23,2019-07-05,3,305.19,101.73,Australia,Male,1641,True
C0808,2022-03-16,2022-12-27,2,107.49,53.74,France,Female,370,True
C0809,2022-10-18,2023-08-14,2,190.49,95.25,Germany,Male,140,False
C0810,2022-12-06,2022-12-15,1,64.21,64.21,Germany,Female,382,True
C0811,2022-10-20,2023-05-15,3,231.6,77.2,Canada,Other,231,False
C0812,2020-10-01,2023-09-04,3,140.45,46.82,USA,Female,119,False
C0813,2020-09-09,2020-08-22,3,70.4,23.47,Australia,Other,1227,True
C0814,2021-09-28,2021-04-17,3,137.95,45.98,France,Female,989,True
C0815,2021-12-27,2022-11-18,4,176.21,44.05,France,Other,409,True
C0816,2020-07-29,2023-05-22,5,468.98,93.8,Canada,Other,224,False
C0817,2020-05-03,2022-07-07,3,357.77,119.26,Australia,Male,543,True
C0818,2018-06-24,2020-12-29,5,533.05,106.61,Germany,Other,1098,True
C0819,2022-04-26,2022-02-27,3,188.25,62.75,USA,Male,673,True
C0820,2020-08-22,2021-12-18,3,340.33,113.44,France,Female,744,True
C0821,2021-11-05,2021-02-28,4,407.35,101.84,Germany,Other,1037,True
C0822,2018-06-26,2021-02-19,1,108.99,108.99,Canada,Male,1046,True
C0823,2020-06-10,2020-04-29,3,135.91,45.3,UK,Male,1342,True
C0824,2018-10-08,2023-03-26,2,235.83,117.92,UK,Other,281,False
C0825,2022-04-25,2022-10-26,5,441.27,88.25,USA,Female,432,True
C0826,2021-12-08,2023-06-21,4,356.94,89.23,UK,Other,194,False
C0827,2022-09-19,2023-09-08,3,77.98,25.99,France,Male,115,False
C0828,2018-05-08,2021-10-29,3,280.25,93.42,Germany,Male,794,True
C0829,2022-11-12,2023-05-22,4,85.47,21.37,Canada,Female,224,False
C0830,2019-08-08,2021-09-25,1,22.79,22.79,France,Other,828,True
C0831,2022-01-17,2023-01-25,3,148.78,49.59,France,Other,341,False
C0832,2019-04-14,2019-07-12,2,218.08,109.04,UK,Other,1634,True
C0833,2021-10-31,2021-06-10,3,86.96,28.99,France,Male,935,True
C0834,2020-12-03,2023-01-14,4,365.89,91.47,Australia,Female,352,False
C0835,2018-09-20,2022-04-17,6,687.55,114.59,UK,Female,624,True
C0836,2019-06-21,2019-05-02,1,47.2,47.2,USA,Other,1705,True
C0837,2020-02-09,2023-01-04,4,371.51,92.88,UK,Male,362,False
C0838,2021-09-22,2022-11-14,3,100.37,33.46,France,Male,413,True
C0839,2022-06-17,2023-02-11,3,91.03,30.34,USA,Female,324,False
C0840,2019-05-09,2022-02-04,3,60.01,20.0,Australia,Female,696,True
C0841,2021-03-04,2022-03-16,3,222.09,74.03,France,Female,656,True
C0842,2021-04-18,2022-09-28,4,299.55,74.89,Germany,Female,460,True
C0843,2020-11-17,2022-11-20,3,88.49,29.5,Germany,Female,407,True
C0844,2018-06-12,2023-05-15,1,37.69,37.69,Germany,Other,231,False
C0845,2020-11-05,2020-04-12,7,354.02,50.57,Australia,Other,1359,True
C0846,2020-10-21,2020-05-26,4,332.96,83.24,Canada,Other,1315,True
C0847,2022-09-30,2023-06-11,3,286.04,95.35,Germany,Female,204,False
C0848,2021-04-16,2022-03-18,4,90.28,22.57,France,Male,654,True
C0849,2020-02-22,2023-01-29,4,130.22,32.55,Germany,Other,337,False
C0850,2019-04-13,2021-11-01,3,222.41,74.14,France,Male,791,True
C0851,2018-09-11,2022-12-16,1,30.55,30.55,Australia,Female,381,True
C0852,2019-03-16,2021-12-22,3,306.02,102.01,Australia,Male,740,True
C0853,2020-08-21,2022-10-16,1,69.81,69.81,USA,Male,442,True
C0854,2021-05-02,2021-07-20,3,329.38,109.79,Canada,Other,895,True
C0855,2018-09-21,2020-08-19,5,194.97,38.99,Canada,Female,1230,True
C0856,2022-10-03,2022-10-20,4,206.31,51.58,France,Other,438,True
C0857,2020-10-17,2023-06-17,1,90.21,90.21,Canada,Male,198,False
C0858,2019-02-02,2023-06-24,4,244.91,61.23,Germany,Female,191,False
C0859,2018-10-18,2023-07-01,2,156.91,78.45,Canada,Female,184,False
C0860,2021-08-08,2023-03-01,2,107.86,53.93,Canada,Male,306,False
C0861,2021-01-29,2021-01-29,4,221.89,55.47,Germany,Male,1067,True
C0862,2021-01-31,2022-04-25,1,108.33,108.33,USA,Female,616,True
C0863,2019-07-15,2020-10-27,3,254.47,84.82,Australia,Other,1161,True
C0864,2020-11-27,2023-04-05,2,169.75,84.88,Canada,Other,271,False
C0865,2022-02-19,2022-05-30,3,234.52,78.17,Germany,Female,581,True
C0866,2019-12-05,2020-03-03,2,118.35,59.17,USA,Male,1399,True
C0867,2019-04-27,2019-08-28,2,51.71,25.86,Australia,Male,1587,True
C0868,2020-07-07,2023-08-04,5,370.14,74.03,France,Female,150,False
C0869,2018-11-11,2022-04-27,1,110.8,110.8,UK,Female,614,True
C0870,2022-08-05,2023-10-11,2,70.29,35.15,Canada,Female,82,False
C0871,2022-06-24,2022-01-30,2,227.91,113.95,UK,Male,701,True
C0872,2020-11-12,2023-09-23,3,203.05,67.68,UK,Other,100,False
C0873,2019-02-12,2022-03-16,5,537.57,107.51,USA,Male,656,True
C0874,2019-04-25,2020-05-19,3,181.63,60.54,UK,Other,1322,True
C0875,2019-07-16,2020-05-29,7,827.76,118.25,Canada,Female,1312,True
C0876,2021-09-21,2021-03-09,2,66.44,33.22,France,Male,1028,True
C0877,2021-06-30,2022-07-20,3,239.84,79.95,France,Other,530,True
C0878,2020-01-08,2021-11-21,3,74.51,24.84,Canada,Male,771,True
C0879,2020-06-04,2023-03-14,7,689.08,98.44,Germany,Male,293,False
C0880,2021-10-26,2021-12-30,5,412.83,82.57,UK,Female,732,True
C0881,2022-07-18,2022-07-05,2,160.87,80.44,Germany,Male,545,True
C0882,2020-08-19,2023-06-10,4,256.73,64.18,France,Male,205,False
C0883,2021-12-28,2021-10-29,1,40.23,40.23,Canada,Other,794,True
C0884,2021-02-16,2023-11-20,1,59.78,59.78,Australia,Male,42,False
C0885,2022-11-08,2022-12-09,4,282.28,70.57,Australia,Male,388,True
C0886,2021-12-05,2022-03-14,1,77.39,77.39,USA,Male,658,True
C0887,2021-04-01,2023-02-21,4,119.2,29.8,UK,Female,314,False
C0888,2022-06-27,2022-11-22,1,38.53,38.53,Canada,Other,405,True
C0889,2019-05-19,2020-09-12,2,229.19,114.59,UK,Female,1206,True
C0890,2019-03-06,2021-02-15,2,73.98,36.99,UK,Male,1050,True
C0891,2018-06-12,2023-06-16,1,71.86,71.86,Australia,Other,199,False
C0892,2022-02-02,2023-11-10,5,291.07,58.21,France,Other,52,False
C0893,2021-02-27,2023-05-12,1,20.42,20.42,Germany,Male,234,False
C0894,2018-11-15,2022-05-22,4,89.6,22.4,France,Male,589,True
C0895,2019-01-23,2021-06-04,2,231.34,115.67,Germany,Other,941,True
C0896,2018-09-18,2019-05-14,4,118.79,29.7,Australia,Male,1693,True
C0897,2020-04-27,2021-11-28,4,448.97,112.24,France,Female,764,True
C0898,2022-05-14,2022-04-25,1,54.99,54.99,Canada,Male,616,True
C0899,2021-09-21,2021-05-23,5,299.67,59.93,UK,Other,953,True
C0900,2019-11-21,2022-11-02,4,372.35,93.09,UK,Other,425,True
C0901,2020-12-22,2023-12-16,5,446.03,89.21,Germany,Other,16,False
C0902,2018-03-24,2021-07-13,2,120.55,60.27,France,Female,902,True
C0903,2018-06-15,2021-05-16,3,178.8,59.6,USA,Female,960,True
C0904,2022-04-09,2022-10-18,1,114.93,114.93,France,Female,440,True
C0905,2020-01-03,2021-08-22,5,341.9,68.38,France,Other,862,True
C0906,2018-09-11,2021-03-10,4,268.7,67.17,Germany,Other,1027,True
C0907,2019-11-29,2019-03-29,3,67.56,22.52,Germany,Other,1739,True
C0908,2020-09-17,2023-12-16,3,268.49,89.5,Canada,Other,16,False
C0909,2018-11-04,2023-07-13,5,230.67,46.13,UK,Female,172,False
C0910,2020-11-07,2023-05-14,3,61.94,20.65,Australia,Other,232,False
C0911,2019-03-30,2020-03-03,3,235.45,78.48,Canada,Other,1399,True
C0912,2018-04-30,2020-06-10,3,247.7,82.57,USA,Male,1300,True
C0913,2022-01-07,2023-06-25,4,89.03,22.26,France,Other,190,False
C0914,2019-03-08,2022-12-28,8,304.63,38.08,Australia,Male,369,True
C0915,2021-10-25,2023-08-14,2,101.28,50.64,USA,Female,140,False
C0916,2018-01-17,2018-09-04,4,115.12,28.78,Germany,Female,1945,True
C0917,2018-03-01,2020-03-06,2,96.66,48.33,Australia,Other,1396,True
C0918,2019-11-02,2020-04-09,2,169.88,84.94,Canada,Male,1362,True
C0919,2022-09-02,2023-07-19,3,106.14,35.38,Australia,Female,166,False
C0920,2022-06-28,2022-11-25,8,863.8,107.97,Canada,Male,402,True
C0921,2018-12-12,2020-06-14,1,43.11,43.11,USA,Other,1296,True
C0922,2020-01-09,2021-04-12,3,317.73,105.91,USA,Male,994,True
C0923,2019-01-14,2019-05-29,4,205.04,51.26,Germany,Other,1678,True
C0924,2020-01-11,2021-10-14,5,490.95,98.19,USA,Female,809,True
C0925,2021-11-21,2021-04-08,4,348.68,87.17,UK,Other,998,True
C0926,2018-12-11,2022-04-02,3,153.66,51.22,USA,Female,639,True
C0927,2022-07-24,2022-01-13,3,181.6,60.53,Canada,Other,718,True
C0928,2022-05-21,2023-03-23,2,221.85,110.92,Australia,Other,284,False
C0929,2020-01-22,2023-01-21,4,462.52,115.63,UK,Female,345,False
C0930,2019-03-23,2021-06-23,2,137.23,68.61,Germany,Other,922,True
C0931,2021-08-26,2021-01-03,1,51.69,51.69,UK,Male,1093,True
C0932,2021-01-01,2022-01-09,6,534.19,89.03,Canada,Male,722,True
C0933,2022-11-08,2022-11-20,5,159.98,32.0,UK,Female,407,True
C0934,2019-08-05,2019-09-23,3,345.72,115.24,Germany,Other,1561,True
C0935,2022-06-15,2022-10-08,5,529.25,105.85,USA,Female,450,True
C0936,2018-07-30,2022-06-23,3,135.69,45.23,Canada,Female,557,True
C0937,2022-08-18,2023-01-30,2,183.49,91.75,Canada,Female,336,False
C0938,2022-04-27,2023-03-07,3,310.93,103.64,France,Female,300,False
C0939,2018-03-05,2021-04-28,3,241.29,80.43,Australia,Female,978,True
C0940,2021-12-31,2021-03-09,4,415.54,103.89,USA,Male,1028,True
C0941,2021-04-16,2022-08-03,5,303.89,60.78,Australia,Female,516,True
C0942,2020-02-28,2023-03-06,1,116.14,116.14,Australia,Other,301,False
C0943,2018-02-20,2021-01-14,3,342.62,114.21,France,Other,1082,True
C0944,2018-07-29,2020-12-07,3,63.21,21.07,Australia,Male,1120,True
C0945,2020-01-20,2023-02-12,4,288.22,72.06,France,Other,323,False
C0946,2018-11-19,2022-12-13,4,473.1,118.28,UK,Male,384,True
C0947,2020-10-30,2020-07-26,1,86.31,86.31,Canada,Other,1254,True
C0948,2018-05-18,2020-12-30,4,408.1,102.03,Canada,Other,1097,True
C0949,2022-08-24,2022-09-20,3,285.63,95.21,Germany,Other,468,True
C0950,2019-06-28,2022-12-14,4,448.28,112.07,France,Other,383,True
C0951,2022-01-26,2023-05-06,1,40.42,40.42,Australia,Female,240,False
C0952,2019-07-21,2020-02-23,2,223.0,111.5,France,Male,1408,True
C0953,2018-07-16,2021-11-22,3,80.28,26.76,Australia,Male,770,True
C0954,2018-04-25,2020-06-30,3,213.72,71.24,France,Other,1280,True
C0955,2019-09-19,2019-05-17,4,94.24,23.56,UK,Male,1690,True
C0956,2019-09-12,2019-05-11,2,77.98,38.99,Australia,Female,1696,True
C0957,2020-09-07,2023-12-20,1,59.18,59.18,USA,Other,12,False
C0958,2020-08-21,2022-03-11,4,424.58,106.14,France,Other,661,True
C0959,2021-05-22,2023-04-24,1,97.8,97.8,France,Other,252,False
C0960,2022-01-10,2022-07-16,5,369.2,73.84,UK,Female,534,True
C0961,2018-04-24,2023-07-03,4,82.79,20.7,Australia,Other,182,False
C0962,2019-08-17,2021-06-07,3,308.26,102.75,Canada,Other,938,True
C0963,2021-01-14,2021-03-16,1,50.78,50.78,USA,Female,1021,True
C0964,2020-10-28,2021-02-28,2,77.42,38.71,USA,Female,1037,True
C0965,2019-01-22,2022-02-17,3,322.77,107.59,Germany,Male,683,True
C0966,2021-09-19,2022-09-14,3,346.02,115.34,USA,Male,474,True
C0967,2021-09-28,2022-08-24,1,49.81,49.81,Canada,Other,495,True
C0968,2020-11-19,2020-10-17,2,64.5,32.25,Australia,Male,1171,True
C0969,2022-03-22,2023-06-22,2,221.89,110.94,France,Male,193,False
C0970,2022-03-26,2022-10-13,3,346.63,115.54,Germany,Male,445,True
C0971,2022-06-02,2022-07-27,2,210.79,105.39,USA,Female,523,True
C0972,2018-09-14,2021-08-11,1,71.18,71.18,Germany,Male,873,True
C0973,2018-09-03,2021-08-30,6,293.38,48.9,Australia,Other,854,True
C0974,2019-07-15,2023-08-22,3,267.37,89.12,Canada,Other,132,False
C0975,2020-07-01,2021-05-13,2,199.29,99.64,France,Other,963,True
C0976,2018-11-15,2018-09-06,3,86.23,28.74,USA,Other,1943,True
C0977,2020-10-15,2022-10-23,2,94.8,47.4,UK,Female,435,True
C0978,2020-07-07,2021-04-21,3,113.73,37.91,France,Other,985,True
C0979,2021-10-17,2023-07-26,3,92.6,30.87,Canada,Male,159,False
C0980,2021-08-16,2021-09-16,5,173.01,34.6,USA,Female,837,True
C0981,2021-10-11,2022-07-01,5,267.39,53.48,UK,Other,549,True
C0982,2021-10-21,2021-03-07,3,238.94,79.65,Australia,Other,1030,True
C0983,2020-12-31,2022-08-13,2,79.34,39.67,Canada,Female,506,True
C0984,2021-09-13,2022-03-03,2,160.19,80.09,UK,Female,669,True
C0985,2018-06-28,2018-08-22,3,200.71,66.9,UK,Male,1958,True
C0986,2021-06-16,2022-07-19,2,216.74,108.37,France,Male,531,True
C0987,2022-05-14,2023-09-15,2,178.01,89.0,USA,Male,108,False
C0988,2019-05-13,2019-04-07,1,80.98,80.98,UK,Female,1730,True
C0989,2019-03-20,2022-09-23,2,69.43,34.72,France,Other,465,True
C0990,2018-04-19,2019-01-28,1,111.08,111.08,USA,Male,1799,True
C0991,2018-07-28,2020-01-04,1,68.39,68.39,Australia,Other,1458,True
C0992,2021-02-12,2022-07-17,1,112.61,112.61,USA,Other,533,True
C0993,2021-04-04,2023-06-01,2,188.31,94.16,UK,Male,214,False
C0994,2018-04-11,2023-02-23,4,146.49,36.62,Australia,Male,312,False
C0995,2019-04-22,2022-10-29,4,460.82,115.2,USA,Male,429,True
C0996,2021-02-26,2022-08-01,3,137.12,45.71,UK,Other,518,True
C0997,2021-10-11,2021-04-30,4,216.85,54.21,USA,Male,976,True
C0998,2022-11-19,2022-04-17,5,481.09,96.22,USA,Other,624,True
C0999,2022-07-03,2022-10-13,4,397.57,99.39,USA,Other,445,True
C1000,2021-05-21,2022-05-04,6,361.13,60.19,UK,Female,607,True
